"Country","18283","18284","18285","18286","18287","18288","18289","18290","18291","18292","18293","18294","18295","18296","18297","18298","18299","18300","18301","18302","18303","18304","18305","18306","18307","18308","18309","18310","18311","18312","18313","18314","18315","18316","18317","18318","18319","18320","18321","18322","18323","18324","18325","18326","18327","18328","18329","18330","18331","18332","18333","18334","18335","18336","18337","18338","18339","18340","18341","18342","18343","18344","18345","18346","18347","18348","18349","18350","18351","18352","18353","18354","18355","18356","18357","18358","18359","18360","18361","18362","18363","18364","18365","18366","18367","18368","18369","18370","18371","18372","18373","18374","18375","18376","18377","18378","18379","18380","18381","18382","18383","18384","18385"
"Afghanistan",0,0,0,0,0,0,0,0,0,0,0,0,0,0,0,0,0,0,0,0,0,0,0,0,0,0,0,0,0,0,0,0,0,0,0,0,0,0,0,0,0,0,0,0,0,0,0,0,0,0,0,0,0,0,1,1,1,1,1,1,1,1,1,2,2,2,2,2,2,5,5,10,10,10,15,18,18,29,32,32,32,32,32,40,43,54,99,112,131,135,150,166,179,188,188,207,220,228,252,260,310,331,345
"Albania",0,0,0,0,0,0,0,0,0,0,0,0,0,0,0,0,0,0,0,0,0,0,0,0,0,0,0,0,0,0,0,0,0,0,0,0,0,0,0,0,0,0,0,0,0,0,0,0,0,0,0,0,0,0,0,0,0,0,0,2,2,2,10,17,17,31,31,33,44,52,67,76,89,99,104,116,131,154,165,182,197,217,232,248,251,277,283,302,314,327,345,356,385,394,403,410,422,431,455,470,488,519,531
"Algeria",0,0,0,0,0,0,0,0,0,0,0,0,0,0,0,0,0,0,0,0,0,0,0,0,0,0,0,0,0,0,0,0,0,0,0,0,0,0,0,0,0,0,0,0,0,0,0,0,0,0,8,8,12,12,12,12,12,32,32,32,65,65,24,65,29,29,31,31,37,46,61,61,62,90,90,90,113,237,347,405,460,591,601,691,708,783,846,894,1047,1099,1152,1204,1355,1408,1479,1508,1558,1651,1702,1779,1821,1872,1936
"Andorra",0,0,0,0,0,0,0,0,0,0,0,0,0,0,0,0,0,0,0,0,0,0,0,0,0,0,0,0,0,0,0,0,0,0,0,0,0,0,0,0,0,0,0,0,0,0,0,0,0,0,1,0,1,1,1,1,1,1,1,1,1,1,1,1,1,1,1,1,10,10,10,10,16,21,26,31,39,52,58,71,71,128,128,128,169,169,191,205,235,248,282,309,333,344,344,344,385,398,423,468,468,472,493
"Angola",0,0,0,0,0,0,0,0,0,0,0,0,0,0,0,0,0,0,0,0,0,0,0,0,0,0,0,0,0,0,0,0,0,0,0,0,0,0,0,0,0,0,0,0,0,0,0,0,0,0,0,0,0,0,0,0,0,0,0,0,0,0,0,0,0,0,0,0,0,1,1,1,1,2,2,2,2,2,2,2,4,4,4,5,5,5,5,6,6,6,6,6,6,6,6,6,6,6,7,7,11,11,11
"Antigua and Barbuda",0,0,0,0,0,0,0,0,0,0,0,0,0,0,0,0,0,0,0,0,0,0,0,0,0,0,0,0,0,0,0,0,0,0,0,0,0,0,0,0,0,0,0,0,0,0,0,0,0,0,0,0,0,0,0,0,0,0,0,0,0,0,0,0,0,0,0,0,0,0,0,0,0,0,0,0,0,0,0,0,0,0,0,3,3,3,3,3,3,3,7,10,10,11,11,11,11,11,11,11,15,15,15
"Argentina",0,0,0,0,0,0,0,0,0,0,0,0,0,0,0,0,0,0,0,0,0,0,0,0,0,0,0,0,0,0,0,0,0,0,0,0,0,0,0,0,0,0,0,0,0,0,0,0,0,0,0,0,1,1,1,3,3,3,3,3,3,3,52,52,63,72,72,72,228,240,248,256,266,279,280,325,338,358,365,375,440,468,515,559,596,631,666,685,709,737,840,872,919,976,1030,1107,1140,1162,1192,1256,1292,1320,1354
"Armenia",0,0,0,0,0,0,0,0,0,0,0,0,0,0,0,0,0,0,0,0,0,0,0,0,0,0,0,0,0,0,0,0,0,0,0,0,0,0,0,0,0,0,0,0,0,0,0,0,0,0,0,0,0,0,0,1,1,1,1,1,2,2,14,16,18,28,30,30,30,30,31,33,43,43,57,62,87,114,138,149,173,197,211,265,297,358,402,523,545,580,609,633,659,728,803,833,848,866,900,929,977,1010,1035
"Australia",0,0,0,0,0,0,0,0,2,2,2,2,2,2,2,2,2,2,2,2,2,2,8,8,8,8,10,10,10,10,11,11,11,11,11,11,11,11,11,11,11,11,11,21,21,21,21,21,21,21,21,23,23,23,23,23,23,26,26,26,88,88,115,119,172,194,244,244,257,358,422,520,649,701,757,1080,1080,1080,1472,1793,1806,1806,1806,2186,2186,2355,3808,4124,4124,4291,4695,4932,5047,5136,5376,5541,5588,5665,5715,5742,5775,5814,5849
"Austria",0,0,0,0,0,0,0,0,0,0,0,0,0,0,0,0,0,0,0,0,0,0,0,0,0,0,0,0,0,0,0,0,0,0,0,0,0,0,0,0,0,0,0,0,0,0,0,2,4,4,4,6,6,6,6,1,9,9,9,9,9,9,9,9,112,225,225,479,636,1095,1436,1749,2022,2507,2998,3463,4046,4512,5240,6064,6604,6987,7343,7633,8098,8986,9704,10214,10501,10631,10971,11328,11694,11872,12103,12282,12362,12580,12779,12907,13110,13180,13228
"Azerbaijan",0,0,0,0,0,0,0,0,0,0,0,0,0,0,0,0,0,0,0,0,0,0,0,0,0,0,0,0,0,0,0,0,0,0,0,0,0,0,0,0,0,0,0,0,0,0,0,0,0,3,3,3,3,6,6,6,6,6,6,11,10,10,10,10,15,15,15,15,26,26,26,26,32,32,32,44,44,63,101,159,200,250,289,351,404,460,528,590,712,791,865,907,948,1013,1080,1139,1162,1221,1267,1325,1365,1411,1441
"Bahamas",0,0,0,0,0,0,0,0,0,0,0,0,0,0,0,0,0,0,0,0,0,0,0,0,0,0,0,0,0,0,0,0,0,0,0,0,0,0,0,0,0,0,0,0,0,0,0,0,0,0,0,0,0,0,0,0,0,0,0,0,0,0,1,1,1,1,1,1,1,1,1,1,1,0,0,4,5,5,5,5,5,5,6,6,6,6,6,10,10,11,12,12,14,15,15,22,22,23,23,25,24,24,24
"Bahrain",0,0,0,0,0,0,0,0,0,0,0,0,0,0,0,0,0,0,0,0,0,0,0,0,0,0,0,0,0,0,0,0,0,0,0,0,0,0,0,0,0,0,0,0,4,4,4,14,22,35,35,44,44,60,77,81,88,100,100,125,149,149,177,177,204,227,265,272,279,295,337,381,382,423,431,458,458,477,519,539,555,558,591,645,663,703,725,755,759,769,784,1026,1082,1113,1160,1189,1218,1310,1455,1500,1555,1568,1718
"Bangladesh",0,0,0,0,0,0,0,0,0,0,0,0,0,0,0,0,0,0,0,0,0,0,0,0,0,0,0,0,0,0,0,0,0,0,0,0,0,0,0,0,0,0,0,0,0,0,0,0,0,0,0,0,0,0,2,3,3,3,3,3,3,3,5,7,11,11,15,15,19,25,25,25,26,30,33,33,33,33,33,33,36,39,42,42,49,49,58,66,75,85,87,92,108,112,113,122,131,139,150,160,174,177,1063
"Barbados",0,0,0,0,0,0,0,0,0,0,0,0,0,0,0,0,0,0,0,0,0,0,0,0,0,0,0,0,0,0,0,0,0,0,0,0,0,0,0,0,0,0,0,0,0,0,0,0,0,0,0,0,0,0,0,0,0,0,0,0,0,0,0,0,0,0,0,0,0,0,0,0,0,0,6,6,6,8,11,11,11,11,13,13,15,15,15,17,17,19,25,25,30,31,31,39,39,39,39,39,39,44,44
"Belarus",0,0,0,0,0,0,0,0,0,0,0,0,0,0,0,0,0,0,0,0,0,0,0,0,0,0,0,0,0,0,0,0,0,0,0,0,0,0,0,0,0,0,0,0,0,0,0,1,3,3,3,3,3,3,3,3,5,5,5,15,15,15,22,29,29,32,32,32,32,47,53,53,53,53,52,53,54,77,139,169,172,203,203,203,203,203,342,342,494,514,577,769,938,1120,1573,1695,1740,1993,2072,2386,2918,3117,3196
"Belgium",0,0,0,0,0,0,0,0,0,0,0,0,0,0,0,0,0,0,0,0,0,0,0,0,0,0,1,1,1,1,1,1,1,1,1,1,1,1,1,1,1,1,1,1,1,1,1,1,1,1,1,1,1,1,1,1,31,31,1,263,263,263,461,547,675,858,1063,1359,1527,1696,2132,2495,2872,3247,3751,3986,4157,4681,5164,5568,5986,6463,6707,6868,7107,7562,7961,8348,8757,8895,9002,9433,9800,10122,10417,10785,10878,10943,11283,11576,11892,12211,12309
"Belize",0,0,0,0,0,0,0,0,0,0,0,0,0,0,0,0,0,0,0,0,0,0,0,0,0,0,0,0,0,0,0,0,0,0,0,0,0,0,0,0,0,0,0,0,0,0,0,0,0,0,0,0,0,0,0,0,0,0,0,0,0,0,0,0,0,0,0,0,0,0,0,0,0,0,0,0,0,0,0,0,0,0,0,0,0,0,0,0,2,2,2,2,5,5,5,5,6,9,9,9,13,13,13
"Benin",0,0,0,0,0,0,0,0,0,0,0,0,0,0,0,0,0,0,0,0,0,0,0,0,0,0,0,0,0,0,0,0,0,0,0,0,0,0,0,0,0,0,0,0,0,0,0,0,0,0,0,0,0,0,0,0,0,0,0,0,0,0,0,0,0,0,0,0,0,1,1,1,2,2,5,5,5,5,5,5,5,5,5,18,18,18,18,18,18,27,27,27,27,27,27,33,33,33,33,33,42,42,42
"Bhutan",0,0,0,0,0,0,0,0,0,0,0,0,0,0,0,0,0,0,0,0,0,0,0,0,0,0,0,0,0,0,0,0,0,0,0,0,0,0,0,0,0,0,0,0,0,0,0,0,0,0,0,0,0,0,0,0,0,0,0,0,0,0,0,0,0,0,0,0,0,0,0,1,2,2,2,2,2,2,2,2,2,2,2,2,2,2,2,2,2,2,2,2,3,3,3,4,4,5,5,5,5,5,5
"Bolivia",0,0,0,0,0,0,0,0,0,0,0,0,0,0,0,0,0,0,0,0,0,0,0,0,0,0,0,0,0,0,0,0,0,0,0,0,0,0,0,0,0,0,0,0,0,0,0,0,0,0,0,0,0,0,0,0,0,0,0,0,0,0,0,0,0,0,0,0,0,0,1,1,1,1,2,2,2,2,2,2,2,2,2,6,7,14,26,31,31,31,37,44,44,54,54,80,98,98,117,117,134,134,166
"Bosnia and Herzegovina",0,0,0,0,0,0,0,0,0,0,0,0,0,0,0,0,0,0,0,0,0,0,0,0,0,0,0,0,0,0,0,0,0,0,0,0,0,0,0,0,0,0,0,0,0,0,0,0,0,0,0,0,0,0,0,2,2,2,2,2,2,2,2,2,2,5,5,8,17,17,19,20,27,30,30,47,68,79,101,129,139,193,206,236,253,277,320,338,347,381,437,460,485,538,592,624,659,682,710,727,755,779,825
"Botswana",0,0,0,0,0,0,0,0,0,0,0,0,0,0,0,0,0,0,0,0,0,0,0,0,0,0,0,0,0,0,0,0,0,0,0,0,0,0,0,0,0,0,0,0,0,0,0,0,0,0,0,0,0,0,0,0,0,0,0,0,0,0,0,0,0,0,0,0,0,0,0,0,0,0,0,0,0,0,0,0,0,0,0,0,0,0,0,0,0,0,0,0,0,0,0,0,0,0,5,5,8,8,8
"Brazil",0,0,0,0,0,0,0,0,0,0,0,0,0,0,0,0,0,0,0,0,0,0,0,0,0,0,0,0,0,0,0,0,0,0,0,0,0,0,0,0,0,0,0,0,0,0,0,0,0,0,0,0,0,0,1,2,2,2,2,2,2,2,2,2,6,6,6,6,120,127,127,127,127,127,127,127,127,127,173,173,173,173,173,3046,14026,14026,14026,14026,22130,22130,22991,25318,26573,27655,29160,30152,31142,32544,34132,35935,38039,40937,42991
"Brunei",0,0,0,0,0,0,0,0,0,0,0,0,0,0,0,0,0,0,0,0,0,0,0,0,0,0,0,0,0,0,0,0,0,0,0,0,0,0,0,0,0,0,0,0,0,0,0,0,0,0,0,0,0,0,0,0,0,0,1,2,2,2,2,2,5,11,25,34,38,45,52,56,65,66,73,82,85,91,92,99,104,106,107,107,108,108,112,113,115,116,116,117,119,120,121,123,124,124,124,124,124,126,128
"Bulgaria",0,0,0,0,0,0,0,0,0,0,0,0,0,0,0,0,0,0,0,0,0,0,0,0,0,0,0,0,0,0,0,0,0,0,0,0,0,0,0,0,0,0,0,0,0,0,0,0,0,0,0,0,0,0,0,0,0,0,0,3,3,3,3,4,8,9,11,14,17,17,20,25,30,34,37,39,42,42,48,54,62,68,71,81,105,122,141,153,161,167,170,174,190,197,197,205,206,222,243,266,276,287,308
"Burkina Faso",0,0,0,0,0,0,0,0,0,0,0,0,0,0,0,0,0,0,0,0,0,0,0,0,0,0,0,0,0,0,0,0,0,0,0,0,0,0,0,0,0,0,0,0,0,0,0,0,0,0,0,0,0,0,0,0,0,0,0,5,5,5,7,10,10,12,21,23,31,32,46,50,50,66,90,108,127,134,146,146,155,161,161,177,226,257,294,321,338,357,362,389,410,425,442,453,469,476,498,506,517,535,540
"Burma",0,0,0,0,0,0,0,0,0,0,0,0,0,0,0,0,0,0,0,0,0,0,0,0,0,0,0,0,0,0,0,0,0,0,0,0,0,0,0,0,0,0,0,0,0,0,0,0,0,0,0,0,0,0,0,0,0,0,0,0,0,0,0,0,0,0,0,0,0,0,0,0,0,0,0,0,0,0,2,2,2,2,2,2,2,2,5,5,7,7,7,7,9,9,10,10,16,16,27,27,31,37,43
"Burundi",0,0,0,0,0,0,0,0,0,0,0,0,0,0,0,0,0,0,0,0,0,0,0,0,0,0,0,0,0,0,0,0,0,0,0,0,0,0,0,0,0,0,0,0,0,0,0,0,0,0,0,0,0,0,0,0,0,0,0,0,0,0,0,0,0,0,0,0,0,0,0,0,0,0,0,0,0,0,0,0,0,0,0,0,0,0,0,0,0,4,4,4,4,4,4,4,4,4,4,4,4,7,7
"Cabo Verde",0,0,0,0,0,0,0,0,0,0,0,0,0,0,0,0,0,0,0,0,0,0,0,0,0,0,0,0,0,0,0,0,0,0,0,0,0,0,0,0,0,0,0,0,0,0,0,0,0,0,0,0,0,0,0,0,0,0,0,0,0,0,0,0,0,0,0,0,0,0,0,0,0,0,0,1,1,1,1,1,1,1,1,1,1,1,1,1,1,1,1,1,1,1,1,1,1,2,2,4,18,18,33
"Cambodia",0,0,0,0,0,0,0,0,0,0,0,0,0,0,0,0,0,0,0,0,0,1,1,1,1,1,1,1,1,1,1,1,1,1,1,1,1,1,1,1,1,1,1,1,1,1,1,1,1,1,1,1,1,1,1,1,1,1,1,1,1,1,4,10,10,11,13,21,21,23,25,34,35,50,50,53,58,63,62,72,75,77,77,91,96,98,98,103,105,107,110,110,110,117,117,117,119,119,119,119,120,120,120
"Cameroon",0,0,0,0,0,0,0,0,0,0,0,0,0,0,0,0,0,0,0,0,0,0,0,0,0,0,0,0,0,0,0,0,0,0,0,0,0,0,0,0,0,0,0,0,0,0,0,0,0,0,0,0,0,0,0,0,0,0,0,0,0,0,0,2,2,2,2,5,5,5,10,10,17,17,17,17,43,60,60,98,98,98,98,130,165,164,164,177,305,305,329,397,668,668,697,786,805,915,934,934,934,953,953
"Canada",0,0,0,0,0,0,0,0,0,0,0,0,0,0,0,0,0,0,0,0,0,1,1,1,1,1,1,1,1,1,3,3,3,3,3,3,6,6,6,6,6,6,6,6,6,8,8,8,8,8,8,8,8,8,9,9,9,9,9,10,10,10,110,183,184,256,466,466,466,1592,1324,1735,2175,2577,3012,3256,3791,4154,5162,5855,6589,7123,7758,8210,8966,9698,10545,10964,11847,12543,13188,14454,14761,15149,16013,16883,18268,19231,20327,21424,22764,23814,24921
"Central African Republic",0,0,0,0,0,0,0,0,0,0,0,0,0,0,0,0,0,0,0,0,0,0,0,0,0,0,0,0,0,0,0,0,0,0,0,0,0,0,0,0,0,0,0,0,0,0,0,0,0,0,0,0,0,0,0,0,0,0,0,0,0,0,0,0,0,0,0,0,0,0,0,0,0,0,0,0,0,0,0,0,0,0,3,4,4,4,4,4,4,4,10,10,10,10,10,10,10,10,10,10,10,10,10
"Chad",0,0,0,0,0,0,0,0,0,0,0,0,0,0,0,0,0,0,0,0,0,0,0,0,0,0,0,0,0,0,0,0,0,0,0,0,0,0,0,0,0,0,0,0,0,0,0,0,0,0,0,0,0,0,0,0,0,0,0,0,0,0,0,0,0,0,0,0,0,0,0,0,0,0,0,0,2,2,2,2,2,2,2,2,2,5,5,8,8,8,8,8,8,8,15,15,15,19,19,33,33,39,39
"Chile",0,0,0,0,0,0,0,0,0,0,0,0,0,0,0,0,0,0,0,0,0,0,0,0,0,0,0,0,0,0,0,0,0,0,0,0,0,0,0,0,0,0,0,0,0,0,0,0,0,0,0,0,0,0,0,0,0,0,6,6,8,8,17,22,22,43,61,75,156,156,234,335,427,528,618,728,898,1115,1274,1571,1864,2059,2367,2646,2937,3299,3621,4035,4338,4676,4969,5386,5804,6327,6746,7024,7327,7710,8057,8580,9018,9572,10041
"China",28,30,36,39,49,58,101,120,135,214,275,463,614,843,1115,1477,1999,2596,3219,3918,4636,5082,6217,7977,9298,10755,12462,14206,15962,18014,18704,22699,23187,25015,27676,30084,32930,36329,39320,42162,44854,47450,50001,52292,53944,55539,57388,58804,60181,61644,62901,64196,65660,67017,67910,68798,69755,70535,71266,71857,72362,72814,73280,73773,74181,74720,75100,75582,75923,76206,76405,76565,76760,76946,77207,77310,77410,77567,77679,77791,77877,77956,78039,78200,78311,78401,77552,77614,77690,77745,77799,77861,77983,78109,78175,78277,78374,78422,78474,78523,78573,78586,78684
"Colombia",0,0,0,0,0,0,0,0,0,0,0,0,0,0,0,0,0,0,0,0,0,0,0,0,0,0,0,0,0,0,0,0,0,0,0,0,0,0,0,0,0,0,0,0,0,0,0,0,0,0,0,0,0,0,0,1,1,1,1,1,3,3,6,8,8,10,10,10,15,31,39,55,55,85,88,88,100,123,174,197,214,270,319,354,452,550,634,634,711,804,804,870,927,1003,1067,1133,1210,1268,1411,1439,1551,1666,1722
"Comoros",0,0,0,0,0,0,0,0,0,0,0,0,0,0,0,0,0,0,0,0,0,0,0,0,0,0,0,0,0,0,0,0,0,0,0,0,0,0,0,0,0,0,0,0,0,0,0,0,0,0,0,0,0,0,0,0,0,0,0,0,0,0,0,0,0,0,0,0,0,0,0,0,0,0,0,0,0,0,0,0,0,0,0,0,0,0,0,0,0,0,0,0,0,0,0,0,0,0,0,0,0,0,0
"Congo (Brazzaville)",0,0,0,0,0,0,0,0,0,0,0,0,0,0,0,0,0,0,0,0,0,0,0,0,0,0,0,0,0,0,0,0,0,0,0,0,0,0,0,0,0,0,0,0,0,0,0,0,0,0,0,0,0,0,0,0,0,0,0,0,0,0,0,0,0,0,0,0,0,0,0,2,2,2,2,2,2,2,5,5,5,5,5,5,11,11,11,11,11,16,16,16,16,19,19,19,19,19,19,19,25,25,25
"Congo (Kinshasa)",0,0,0,0,0,0,0,0,0,0,0,0,0,0,0,0,0,0,0,0,0,0,0,0,0,0,0,0,0,0,0,0,0,0,0,0,0,0,0,0,0,0,0,0,0,0,0,0,0,0,0,0,0,0,0,0,0,0,0,0,0,0,0,0,0,2,2,2,2,2,3,3,3,3,3,5,9,9,9,13,16,16,17,20,21,23,25,26,26,27,35,45,47,48,49,50,50,56,59,73,75,75,75
"Costa Rica",0,0,0,0,0,0,0,0,0,0,0,0,0,0,0,0,0,0,0,0,0,0,0,0,0,0,0,0,0,0,0,0,0,0,0,0,0,0,0,0,0,0,0,0,0,0,0,0,0,0,0,0,0,0,0,0,0,0,0,2,2,2,2,2,2,3,3,3,4,4,4,6,11,13,16,18,24,29,30,42,49,56,62,66,67,74,88,97,112,124,150,180,196,216,242,264,287,306,323,338,355,372,386
"Cote d'Ivoire",0,0,0,0,0,0,0,0,0,0,0,0,0,0,0,0,0,0,0,0,0,0,0,0,0,0,0,0,0,0,0,0,0,0,0,0,0,0,0,0,0,0,0,0,0,0,0,0,0,0,0,0,0,0,0,1,1,1,1,1,1,1,2,3,3,3,3,4,6,7,9,15,19,25,37,41,41,48,52,52,58,85,89,114,114,146,193,239,260,260,303,310,359,419,419,468,499,525,557,574,597,622,653
"Croatia",0,0,0,0,0,0,0,0,0,0,0,0,0,0,0,0,0,0,0,0,0,0,0,0,0,0,0,0,0,0,0,0,0,0,0,0,0,0,0,0,0,0,0,0,0,0,0,0,0,0,0,1,1,1,2,4,4,5,5,5,5,5,5,22,22,37,45,52,67,67,73,88,92,119,125,130,167,179,219,231,323,373,400,415,473,529,600,615,709,771,801,869,883,982,1034,1103,1166,1232,1288,1348,1421,1463,1489
"Cuba",0,0,0,0,0,0,0,0,0,0,0,0,0,0,0,0,0,0,0,0,0,0,0,0,0,0,0,0,0,0,0,0,0,0,0,0,0,0,0,0,0,0,0,0,0,0,0,0,0,0,0,0,0,0,0,0,0,0,0,0,0,0,1,1,1,4,4,4,4,8,12,13,15,15,15,18,27,27,28,51,77,92,121,132,151,171,192,227,255,285,309,341,365,416,437,501,525,575,617,681,714,765,827
"Cyprus",0,0,0,0,0,0,0,0,0,0,0,0,0,0,0,0,0,0,0,0,0,0,0,0,0,0,0,0,0,0,0,0,0,0,0,0,0,0,0,0,0,0,0,0,0,0,0,0,0,0,0,0,0,0,0,0,0,0,0,0,3,3,3,3,4,15,15,15,22,23,28,28,28,33,37,45,47,52,53,58,61,65,65,65,65,77,77,79,81,81,98,98,98,98,148,148,148,148,148,296,296,296,296
"Czechia",0,0,0,0,0,0,0,0,0,0,0,0,0,0,0,0,0,0,0,0,0,0,0,0,0,0,0,0,0,0,0,0,0,0,0,0,0,0,0,0,0,0,0,0,0,0,0,0,0,0,0,0,0,0,3,3,3,3,4,6,6,6,10,10,10,11,11,11,25,45,61,67,72,78,96,121,172,233,301,346,411,464,519,642,819,972,1174,1227,1298,1559,1753,1989,2152,2371,2453,2545,2826,2948,3108,3314,3372,3461,3587
"Denmark",0,0,0,0,0,0,0,0,0,0,0,0,0,0,0,0,0,0,0,0,0,0,0,0,0,0,0,0,0,0,0,0,0,0,0,0,0,0,0,0,0,0,0,0,1,1,1,1,1,1,1,1,1,1,1,1,1,1,1,1,1,1,36,41,50,57,57,73,73,77,971,1172,1287,1379,1429,1489,1621,1763,1883,1929,2111,2291,2403,2689,2925,3203,3571,4031,4328,4499,4889,5276,5573,5715,5858,5994,6148,6313,6558,6741,6924,7084,7183
"Diamond Princess",0,0,0,0,0,0,0,0,0,0,0,0,0,0,0,0,0,0,0,0,0,0,0,0,0,0,0,0,1,1,1,1,0,0,0,10,10,10,10,10,10,10,10,10,40,40,40,40,40,325,325,325,325,325,325,325,325,325,325,325,325,325,325,587,597,597,597,603,603,603,603,619,619,619,619,619,619,619,619,619,619,619,619,639,639,644,644,644,644,644,644,644,645,645,645,645,645,645,645,645,645,645,645
"Djibouti",0,0,0,0,0,0,0,0,0,0,0,0,0,0,0,0,0,0,0,0,0,0,0,0,0,0,0,0,0,0,0,0,0,0,0,0,0,0,0,0,0,0,0,0,0,0,0,0,0,0,0,0,0,0,0,0,0,0,0,0,0,0,0,0,0,0,0,0,0,0,0,0,8,8,9,9,9,25,25,36,36,36,41,53,71,73,76,76,102,102,112,183,252,330,373,411,477,498,599,642,672,686,686
"Dominica",0,0,0,0,0,0,0,0,0,0,0,0,0,0,0,0,0,0,0,0,0,0,0,0,0,0,0,0,0,0,0,0,0,0,0,0,0,0,0,0,0,0,0,0,0,0,0,0,0,0,0,0,0,0,0,0,0,0,0,0,0,0,0,0,0,0,0,0,0,0,0,0,0,0,0,1,1,1,1,5,5,8,8,8,8,8,8,8,8,8,8,9,9,10,13,13,13,13,13,13,13,13,13
"Dominican Republic",0,0,0,0,0,0,0,0,0,0,0,0,0,0,0,0,0,0,0,0,0,0,0,0,0,0,0,0,0,0,0,0,0,0,0,0,0,0,0,0,0,0,0,0,0,0,0,0,0,0,0,0,0,0,0,0,0,0,0,0,0,0,3,3,3,3,3,3,4,5,9,16,16,16,17,33,36,50,80,98,108,131,152,162,208,215,268,312,363,416,463,581,581,763,822,910,993,1165,1228,1301,1387,1481,1606
"Ecuador",0,0,0,0,0,0,0,0,0,0,0,0,0,0,0,0,0,0,0,0,0,0,0,0,0,0,0,0,0,0,0,0,0,0,0,0,0,0,0,0,0,0,0,0,0,0,0,0,0,0,0,0,0,0,0,0,0,0,0,3,3,3,3,3,3,3,3,3,3,54,58,65,65,100,100,100,100,140,339,368,411,501,597,696,780,838,838,1008,1061,1150,1207,1262,1328,1366,1366,1366,1557,1557,1557,1558,1913,2132,3300
"Egypt",0,0,0,0,0,0,0,0,0,0,0,0,0,0,0,0,0,0,0,0,0,0,0,0,0,0,0,0,0,0,0,0,0,0,0,0,0,1,1,1,1,1,1,1,1,1,1,1,1,27,27,27,27,21,27,32,32,32,39,41,56,56,80,95,102,116,121,132,150,157,179,201,216,241,247,259,276,305,348,384,426,589,589,589,589,596,646,701,732,821,870,935,1004,1075,1114,1176,1236,1304,1335,1381,1460,1522,1562
"El Salvador",0,0,0,0,0,0,0,0,0,0,0,0,0,0,0,0,0,0,0,0,0,0,0,0,0,0,0,0,0,0,0,0,0,0,0,0,0,0,0,0,0,0,0,0,0,0,0,0,0,0,0,0,0,0,0,0,0,0,0,0,0,0,0,0,0,0,0,0,0,0,0,0,0,2,2,5,5,9,14,15,19,21,22,25,30,33,38,43,44,46,48,63,67,75,75,83,89,97,106,119,124,141,154
"Equatorial Guinea",0,0,0,0,0,0,0,0,0,0,0,0,0,0,0,0,0,0,0,0,0,0,0,0,0,0,0,0,0,0,0,0,0,0,0,0,0,0,0,0,0,0,0,0,0,0,0,0,0,0,0,0,0,0,0,0,0,0,0,0,0,0,0,0,0,0,0,0,0,1,1,1,1,1,1,3,3,3,3,3,3,3,4,4,4,4,4,4,4,7,7,7,7,7,7,8,9,9,9,9,9,9,9
"Eritrea",0,0,0,0,0,0,0,0,0,0,0,0,0,0,0,0,0,0,0,0,0,0,0,0,0,0,0,0,0,0,0,0,0,0,0,0,0,0,0,0,0,0,0,0,0,0,0,0,0,0,0,0,0,0,0,0,0,0,0,0,0,0,0,0,0,0,0,0,0,0,0,0,0,0,0,0,0,0,0,0,0,0,0,0,0,0,0,3,3,3,6,6,6,11,13,13,13,19,19,26,26,26,26
"Estonia",0,0,0,0,0,0,0,0,0,0,0,0,0,0,0,0,0,0,0,0,0,0,0,0,0,0,0,0,0,0,0,0,0,0,0,0,0,0,0,0,0,0,0,0,0,0,0,0,0,0,0,0,0,1,1,1,1,1,1,1,2,2,7,8,8,11,20,20,20,26,33,45,48,59,62,62,69,72,83,93,93,98,102,115,117,133,145,162,164,165,169,184,192,206,228,233,233,240,236,249,253,256,259
"Eswatini",0,0,0,0,0,0,0,0,0,0,0,0,0,0,0,0,0,0,0,0,0,0,0,0,0,0,0,0,0,0,0,0,0,0,0,0,0,0,0,0,0,0,0,0,0,0,0,0,0,0,0,0,0,0,0,0,0,0,0,0,0,0,0,0,0,0,0,0,0,0,0,0,0,0,0,4,4,7,7,7,7,7,7,8,8,8,8,8,8,8,8,8,8,10,10,10,10,10,10,12,12,12,12
"Ethiopia",0,0,0,0,0,0,0,0,0,0,0,0,0,0,0,0,0,0,0,0,0,0,0,0,0,0,0,0,0,0,0,0,0,0,0,0,0,0,0,0,0,0,0,0,0,0,0,0,0,0,0,0,0,0,0,0,0,0,0,0,4,4,0,0,0,0,1,1,4,2,2,3,3,4,4,4,4,4,4,4,10,10,14,14,15,15,15,16,16,16,16,21,21,25,29,41,50,50,58,59,66,69,75
"Fiji",0,0,0,0,0,0,0,0,0,0,0,0,0,0,0,0,0,0,0,0,0,0,0,0,0,0,0,0,0,0,0,0,0,0,0,0,0,0,0,0,0,0,0,0,0,0,0,0,0,0,0,0,0,0,0,0,0,0,0,0,0,0,0,0,0,0,0,0,0,0,0,0,0,0,0,0,0,0,0,0,0,0,0,0,0,0,0,0,0,3,3,8,8,10,10,12,12,12,12,12,12,14,14
"Finland",0,0,0,0,0,0,0,0,0,0,0,0,0,0,0,0,0,0,0,0,0,1,1,1,1,1,1,1,1,1,1,1,1,1,1,1,1,1,1,1,1,1,1,1,1,1,1,1,1,1,1,1,1,10,10,10,10,10,10,10,10,10,10,10,10,10,10,10,10,10,10,300,300,300,300,300,300,300,300,300,300,300,300,300,300,1700,1700,1700,1700,2000,2000,2000,2000,2500,2500,2500,2500,2800,2800,3000,3000,3000,3000
"France",0,0,0,0,0,0,0,0,0,0,0,0,0,0,0,0,0,0,0,0,0,2,2,2,4,4,4,4,4,4,4,4,4,4,11,11,11,11,12,12,12,12,12,12,12,12,12,12,12,12,12,12,12,12,12,12,12,12,12,12,2206,2206,3250,3907,4955,5707,5724,7226,7964,9513,11053,12548,14135,15572,16349,17428,19523,21452,23413,25195,26663,27469,28001,28805,30955,32812,34420,35983,36578,37409,39181,40657,42088,43493,44594,44903,45513,46886,48228,49476,50212,50663,50885
"Gabon",0,0,0,0,0,0,0,0,0,0,0,0,0,0,0,0,0,0,0,0,0,0,0,0,0,0,0,0,0,0,0,0,0,0,0,0,0,0,0,0,0,0,0,0,0,0,0,0,0,0,0,0,0,0,0,0,0,0,0,0,0,0,0,0,0,0,0,0,0,0,0,0,1,1,1,1,1,1,1,1,1,1,1,1,4,4,7,7,7,7,16,24,24,26,30,30,43,53,67,67,67,85,85
"Gambia",0,0,0,0,0,0,0,0,0,0,0,0,0,0,0,0,0,0,0,0,0,0,0,0,0,0,0,0,0,0,0,0,0,0,0,0,0,0,0,0,0,0,0,0,0,0,0,0,0,0,0,0,0,0,0,0,0,0,0,0,0,0,0,0,0,0,0,0,0,0,2,2,2,2,2,2,2,2,2,2,2,2,2,2,2,2,2,2,2,2,2,2,2,2,8,8,8,8,8,8,8,9,9
"Georgia",0,0,0,0,0,0,0,0,0,0,0,0,0,0,0,0,0,0,0,0,0,0,0,0,0,0,0,0,0,0,0,0,0,0,0,0,0,0,0,0,0,0,0,0,0,0,0,0,0,0,0,0,0,0,1,1,1,1,1,1,3,3,9,10,11,14,14,18,20,21,23,26,28,36,36,39,46,50,51,54,60,67,68,69,71,76,79,86,93,95,97,107,111,132,139,149,156,168,178,184,207,207,223
"Germany",0,0,0,0,0,0,0,0,0,0,0,0,0,0,0,0,0,0,0,0,0,0,1,1,1,1,1,12,12,12,14,14,14,14,14,15,16,16,16,16,16,16,16,16,17,18,18,18,18,25,25,46,46,46,67,67,105,113,180,233,266,266,3243,3547,5673,6658,8481,9211,13500,16100,18700,22440,24575,26400,28700,28700,36081,46300,52407,53913,57400,60300,64300,68200,72600,77000,83114,85400,88000,91500,95200,99400,103300,109800,109800,112000,114500,117400,120400,123500,126900,129000,130600
"Ghana",0,0,0,0,0,0,0,0,0,0,0,0,0,0,0,0,0,0,0,0,0,0,0,0,0,0,0,0,0,0,0,0,0,0,0,0,0,0,0,0,0,0,0,0,0,0,0,0,0,0,0,0,0,0,0,0,0,0,0,0,0,0,0,0,1,2,2,2,2,31,31,31,31,31,31,31,31,34,3,4,4,4,4,17,17,83,83,99,99,99,99,99,99,134,134,155,155,188,188,212,212,229,229
"Greece",0,0,0,0,0,0,0,0,0,0,0,0,0,0,0,0,0,0,0,0,0,0,0,0,0,0,0,0,0,0,0,0,0,0,0,0,0,0,0,0,0,0,0,0,0,0,0,0,0,0,0,0,8,8,8,8,8,8,19,19,19,19,29,36,36,52,52,52,52,52,52,61,78,78,78,269,269,269,269,269,269,269,269,269,269,269,269,269,269,269,577,577,577,577,577,577,577,577,577,1374,1374,1374,1374
"Grenada",0,0,0,0,0,0,0,0,0,0,0,0,0,0,0,0,0,0,0,0,0,0,0,0,0,0,0,0,0,0,0,0,0,0,0,0,0,0,0,0,0,0,0,0,0,0,0,0,0,0,0,0,0,0,0,0,0,0,0,0,0,0,0,0,0,0,0,0,0,0,0,0,0,0,0,0,0,0,0,0,0,0,0,0,0,0,6,6,6,6,6,6,6,7,7,7,7,10,13,13,13,13,13
"Guatemala",0,0,0,0,0,0,0,0,0,0,0,0,0,0,0,0,0,0,0,0,0,0,0,0,0,0,0,0,0,0,0,0,0,0,0,0,0,0,0,0,0,0,0,0,0,0,0,0,0,0,0,0,0,0,0,0,0,0,0,0,0,0,0,4,4,4,10,10,10,12,12,12,12,15,15,15,17,17,17,17,19,19,19,19,19,19,21,21,21,21,24,24,30,30,45,49,49,49,62,66,72,72,72
"Guinea",0,0,0,0,0,0,0,0,0,0,0,0,0,0,0,0,0,0,0,0,0,0,0,0,0,0,0,0,0,0,0,0,0,0,0,0,0,0,0,0,0,0,0,0,0,0,0,0,0,0,0,0,0,0,0,0,0,0,0,0,0,0,0,0,0,0,0,0,0,0,0,0,2,5,5,5,5,5,11,15,17,17,17,31,31,49,59,65,87,122,127,164,170,191,208,208,246,269,313,329,342,405,405
"Guinea-Bissau",0,0,0,0,0,0,0,0,0,0,0,0,0,0,0,0,0,0,0,0,0,0,0,0,0,0,0,0,0,0,0,0,0,0,0,0,0,0,0,0,0,0,0,0,0,0,0,0,0,0,0,0,0,0,0,0,0,0,0,0,0,0,0,0,0,0,0,0,0,0,0,0,0,0,0,0,0,0,0,0,0,0,0,0,0,0,0,0,3,3,3,3,3,3,3,3,18,18,19,19,19,19,19
"Guyana",0,0,0,0,0,0,0,0,0,0,0,0,0,0,0,0,0,0,0,0,0,0,0,0,0,0,0,0,0,0,0,0,0,0,0,0,0,0,0,0,0,0,0,0,0,0,0,0,0,0,0,0,0,0,0,0,0,0,0,0,0,0,0,0,0,0,0,0,0,0,0,0,0,0,0,8,8,8,8,8,8,8,8,8,8,8,9,9,9,9,9,9,9,12,12,12,15,15,18,22,22,22,22
"Haiti",0,0,0,0,0,0,0,0,0,0,0,0,0,0,0,0,0,0,0,0,0,0,0,0,0,0,0,0,0,0,0,0,0,0,0,0,0,0,0,0,0,0,0,0,0,0,0,0,0,0,0,0,0,0,0,0,0,0,0,0,0,0,0,0,0,0,0,1,1,1,1,1,1,1,1,0,0,0,0,0,0,0,0,0,0,0,0,0,0,0,0,2,2,2,6,7,8,8,8,8,10,10,10
"Holy See",0,0,0,0,0,0,0,0,0,0,0,0,0,0,0,0,0,0,0,0,0,0,0,0,0,0,0,0,0,0,0,0,0,0,0,0,0,0,0,0,0,0,0,0,0,0,0,0,0,0,0,0,0,0,0,0,0,0,0,0,0,0,0,0,0,0,0,0,0,0,0,0,0,0,0,0,0,2,2,2,2,2,2,2,2,2,2,2,2,2,2,2,2,2,2,2,2,2,2,2,2,2,2
"Honduras",0,0,0,0,0,0,0,0,0,0,0,0,0,0,0,0,0,0,0,0,0,0,0,0,0,0,0,0,0,0,0,0,0,0,0,0,0,0,0,0,0,0,0,0,0,0,0,0,0,0,0,0,0,0,0,0,0,0,0,0,0,0,0,0,0,0,3,3,3,3,3,3,3,3,6,6,6,6,6,7,7,7,7,7,9,9,10,10,15,25,29,30,31,58,65,65,79,79,73,79,112,116,118
"Hungary",0,0,0,0,0,0,0,0,0,0,0,0,0,0,0,0,0,0,0,0,0,0,0,0,0,0,0,0,0,0,0,0,0,0,0,0,0,0,0,0,0,0,0,0,0,0,0,0,0,0,0,0,1,1,1,2,2,2,2,7,16,16,21,21,28,34,34,34,34,37,40,42,43,58,66,67,71,94,96,112,115,118,120,122,192,199,207,231,250,267,287,295,390,458,458,485,498,516,536,581,609,625,629
"Iceland",0,0,0,0,0,0,0,0,0,0,0,0,0,0,0,0,0,0,0,0,0,0,0,0,0,0,0,0,0,0,0,0,0,0,0,0,0,0,0,0,0,0,0,0,0,0,0,0,1,1,1,1,1,8,0,0,5,5,5,22,36,36,51,56,82,97,114,135,157,198,225,284,309,396,428,460,559,633,688,751,841,889,933,989,1077,1144,1224,1291,1291,1362,1417,1462,1509,1542,1570,1608,1624,1636,1656,1670,1689,1706,1717
"India",0,0,0,0,0,0,0,0,0,0,0,0,0,0,0,0,0,0,0,0,0,0,0,0,0,3,3,3,3,3,3,3,3,3,3,3,3,3,3,3,3,3,3,3,3,3,3,3,4,4,4,4,4,13,13,14,14,15,20,23,27,27,40,43,45,73,84,95,102,123,148,191,192,229,229,375,421,506,620,774,969,1080,1181,1359,1432,1768,2041,2463,2854,3273,3975,4370,5012,5498,5939,6523,7137,7747,8437,9068,10007,10819,11775
"Indonesia",0,0,0,0,0,0,0,0,0,0,0,0,0,0,0,0,0,0,0,0,0,0,0,0,0,0,0,0,0,0,0,0,0,0,0,0,0,0,0,0,0,0,0,0,0,0,0,0,2,2,2,2,8,8,8,8,11,11,15,15,29,29,30,31,35,46,59,64,75,81,103,112,134,150,164,192,204,222,252,282,286,359,380,426,446,548,607,631,686,747,842,913,960,1002,1042,1107,1151,1254,1391,1522,1591,1665,1876
"Iran",0,0,0,0,0,0,0,0,0,0,0,0,0,0,0,0,0,0,0,0,0,0,0,0,0,0,0,0,0,0,0,0,0,0,0,49,49,73,123,175,291,291,552,739,913,1669,2134,2394,2731,2959,2959,2959,2959,4590,4590,5389,5389,5710,6745,7635,7931,7931,8913,9625,10457,11133,11679,12391,13911,14656,15473,16711,17935,19736,19736,24236,27039,29812,32309,35465,41947,43894,45983,48129,49933,52229,54064,55987,57023,59273,60965,63113,64843,66599,68193,69657,70933,72439,73791,75103,76318,77350,78422
"Iraq",0,0,0,0,0,0,0,0,0,0,0,0,0,0,0,0,0,0,0,0,0,0,0,0,0,0,0,0,0,0,0,0,0,0,0,0,0,0,0,0,0,0,0,0,0,0,0,3,3,15,15,24,26,26,26,32,43,43,49,51,57,57,75,103,105,122,131,143,152,170,182,202,226,259,279,344,373,452,496,550,601,640,717,766,812,856,906,953,1009,1043,1096,1146,1171,1204,1224,1263,1286,1319,1346,1375,1414,1473,1490
"Ireland",0,0,0,0,0,0,0,0,0,0,0,0,0,0,0,0,0,0,0,0,0,0,0,0,0,0,0,0,0,0,0,0,0,0,0,0,0,0,0,0,0,0,0,0,0,0,0,0,0,0,0,0,0,0,0,5,5,5,5,5,5,5,5,5,5,5,5,5,5,5,5,5,5,25,25,25,25,25,25,25,25,25,25,25,77,77,77,77,77,77,9233,9233,9233,9233,9233,9233,9233,9233,13386,13386,13386,13386,13386
"Israel",0,0,0,0,0,0,0,0,0,0,0,0,0,0,0,0,0,0,0,0,0,0,0,0,0,0,0,0,0,0,0,0,0,0,0,0,1,1,1,1,1,1,1,1,2,2,2,2,4,4,4,4,4,4,4,11,11,11,14,36,37,37,53,58,68,79,89,132,161,224,241,338,403,427,477,585,770,801,1011,1183,1341,1627,1855,2195,2563,2818,3126,3456,3754,4049,4507,5215,5611,6003,6435,6731,7200,7746,8233,8561,9156,9593,9749
"Italy",0,0,0,0,0,0,0,0,0,0,0,0,0,0,0,0,0,0,0,0,0,0,0,0,0,0,0,0,0,0,0,1,2,1,1,3,45,46,46,83,149,160,276,414,523,589,622,724,724,1045,1045,1439,1966,2335,2749,2941,4025,4440,4440,6072,7024,7024,8326,9362,10361,10950,12384,13030,14620,15729,16847,18278,19758,20996,21815,22837,24392,26491,28470,30455,32534,34211,35435,37130,38092,40164,42727,44927,47055,48877,51600,54543,57576,60498,63120,64928,66624,68941,71252,75945,78249,79914,81654
"Jamaica",0,0,0,0,0,0,0,0,0,0,0,0,0,0,0,0,0,0,0,0,0,0,0,0,0,0,0,0,0,0,0,0,0,0,0,0,0,0,0,0,0,0,0,0,0,0,0,0,0,0,0,0,0,0,2,2,2,2,2,2,2,2,2,2,2,2,2,2,2,2,2,2,2,7,8,8,8,10,12,13,13,13,19,19,21,21,25,25,27,27,27,27,28,28,28,28,29,29,29,29,31,33,38
"Japan",0,0,0,0,1,1,1,1,1,1,1,1,1,1,1,1,1,1,1,4,9,9,9,9,12,12,12,13,18,18,22,22,22,22,22,22,22,22,32,32,32,43,43,43,46,76,76,76,101,118,118,118,118,118,144,144,144,150,191,232,235,235,285,310,359,372,404,424,424,424,472,472,514,514,514,575,592,622,632,685,762,762,784,799,853,901,935,1069,1159,1159,1239,1356,1494,1530,1656,1809,1899,1899,2368,2460,2975,3205,3981
"Jordan",0,0,0,0,0,0,0,0,0,0,0,0,0,0,0,0,0,0,0,0,0,0,0,0,0,0,0,0,0,0,0,0,0,0,0,0,0,0,0,0,0,0,0,0,0,0,0,0,0,0,0,1,1,1,1,1,1,1,1,1,1,1,1,1,1,18,18,18,26,30,36,45,58,74,110,126,138,150,161,170,177,201,215,235,250,259,265,269,276,282,297,315,318,326,332,337,342,348,356,362,364,367,367
"Kazakhstan",0,0,0,0,0,0,0,0,0,0,0,0,0,0,0,0,0,0,0,0,0,0,0,0,0,0,0,0,0,0,0,0,0,0,0,0,0,0,0,0,0,0,0,0,0,0,0,0,0,0,0,0,0,0,0,0,0,0,0,0,0,0,0,0,2,3,16,20,21,24,26,27,29,36,42,46,51,54,60,64,81,99,138,203,240,277,347,377,400,447,489,515,560,604,646,682,720,774,819,866,922,985,1084
"Kenya",0,0,0,0,0,0,0,0,0,0,0,0,0,0,0,0,0,0,0,0,0,0,0,0,0,0,0,0,0,0,0,0,0,0,0,0,0,0,0,0,0,0,0,0,0,0,0,0,0,0,0,0,0,0,0,0,0,0,0,0,0,0,0,1,1,1,1,1,1,1,3,4,4,4,4,4,7,9,12,22,24,25,40,41,53,53,53,60,67,69,74,74,89,94,98,106,114,124,129,144,150,152,167
"Korea, South",0,0,0,0,0,0,0,0,0,0,0,0,0,0,0,0,1,1,3,3,3,7,7,7,9,9,10,12,12,16,16,16,18,18,22,22,22,22,27,30,30,30,41,41,135,135,118,118,247,288,333,510,510,510,1137,1407,1540,1540,1540,1540,2909,2909,3507,3730,4144,4528,4811,5033,5228,5408,5567,5828,6021,6325,6463,6598,6694,6776,6973,7117,7243,7368,7447,7534,7616,7757,7829,7937,8042,8114,8213,8277,8501,8635,8717,8764,8854,8922,9059,9072,9123,9183,9217
"Kosovo",0,0,0,0,0,0,0,0,0,0,0,0,0,0,0,0,0,0,0,0,0,0,0,0,0,0,0,0,0,0,0,0,0,0,0,0,0,0,0,0,0,0,0,0,0,0,0,0,0,0,0,0,0,0,0,0,0,0,0,0,0,0,0,0,0,1,1,1,1,6,10,10,10,16,23,23,24,30,30,52,58,58,58,66,66,79,84,93,102,123,128,138,159,162,165,166,201,232,249,271,271,336,381
"Kuwait",0,0,0,0,0,0,0,0,0,0,0,0,0,0,0,0,0,0,0,0,0,0,0,0,0,0,0,0,0,0,0,0,0,0,0,0,0,0,0,0,0,0,0,0,0,0,1,1,1,2,5,5,5,5,9,9,15,18,18,27,27,27,39,43,49,57,64,67,72,73,80,81,82,93,99,103,105,111,111,123,133,142,150,176,206,225,258,280,305,367,412,443,498,613,656,806,1012,1176,1389,1539,1602,1703,1776
"Kyrgyzstan",0,0,0,0,0,0,0,0,0,0,0,0,0,0,0,0,0,0,0,0,0,0,0,0,0,0,0,0,0,0,0,0,0,0,0,0,0,0,0,0,0,0,0,0,0,0,0,0,0,0,0,0,0,0,0,0,0,0,0,0,0,0,0,0,0,0,0,0,3,3,3,5,6,9,9,33,33,33,35,35,44,54,67,71,78,91,114,130,133,201,216,254,302,345,345,370,395,416,437,462,504,527,564
"Laos",0,0,0,0,0,0,0,0,0,0,0,0,0,0,0,0,0,0,0,0,0,0,0,0,0,0,0,0,0,0,0,0,0,0,0,0,0,0,0,0,0,0,0,0,0,0,0,0,0,0,0,0,0,0,0,0,0,0,0,0,0,0,0,0,0,0,0,0,0,0,0,0,0,0,0,0,0,0,0,0,0,0,0,1,1,2,2,2,2,2,2,4,4,4,7,7,7,7,7,8,8,9,9
"Latvia",0,0,0,0,0,0,0,0,0,0,0,0,0,0,0,0,0,0,0,0,0,0,0,0,0,0,0,0,0,0,0,0,0,0,0,0,0,0,0,0,0,0,0,0,0,0,0,0,1,1,1,1,1,1,1,1,1,1,1,1,1,1,1,1,1,1,1,1,1,1,1,31,1,1,1,16,16,16,16,16,16,16,16,16,44,57,88,88,88,88,133,133,133,267,267,267,267,267,348,348,348,348,348
"Lebanon",0,0,0,0,0,0,0,0,0,0,0,0,0,0,0,0,0,0,0,0,0,0,0,0,0,0,0,0,0,0,0,0,0,0,0,0,0,0,0,0,0,0,1,1,1,1,1,1,1,1,1,1,1,1,1,3,3,4,4,4,8,8,8,20,23,27,30,30,35,37,43,46,50,54,54,60,62,62,67,76,77,80,80,80,85,86,86,99,102,103,108,113,140,140,143,145,145,145,150,150,192,197,200
"Liberia",0,0,0,0,0,0,0,0,0,0,0,0,0,0,0,0,0,0,0,0,0,0,0,0,0,0,0,0,0,0,0,0,0,0,0,0,0,0,0,0,0,0,0,0,0,0,0,0,0,0,0,0,0,0,0,0,0,0,0,0,0,0,0,0,0,0,0,0,0,0,0,0,0,3,3,3,3,3,3,3,3,3,4,4,4,4,7,7,7,7,7,20,20,25,25,25,25,45,45,45,45,48,58
"Libya",0,0,0,0,0,0,0,0,0,0,0,0,0,0,0,0,0,0,0,0,0,0,0,0,0,0,0,0,0,0,0,0,0,0,0,0,0,0,0,0,0,0,0,0,0,0,0,0,0,0,0,0,0,0,0,0,0,0,0,0,0,0,0,0,0,0,0,0,0,1,0,0,0,0,0,1,1,8,8,8,8,9,9,9,9,11,11,11,11,15,15,15,15,18,18,18,18,18,18,18,18,22,22
"Liechtenstein",0,0,0,0,0,0,0,0,0,0,0,0,0,0,0,0,0,0,0,0,0,0,0,0,0,0,0,0,0,0,0,0,0,0,0,0,0,0,0,0,0,0,0,0,0,0,0,0,0,0,0,0,0,0,0,0,0,0,0,0,0,0,0,0,0,0,0,0,0,0,0,0,0,0,0,55,55,55,55,55,55,55,55,55,55,55,55,55,55,55,55,55,55,55,55,55,55,55,55,55,55,55,55
"Lithuania",0,0,0,0,0,0,0,0,0,0,0,0,0,0,0,0,0,0,0,0,0,0,0,0,0,0,0,0,0,0,0,0,0,0,0,0,0,0,0,0,0,0,0,0,0,0,0,0,0,0,0,0,0,1,1,1,1,1,1,1,1,1,1,1,1,1,1,1,7,7,7,7,7,7,7,8,8,8,8,54,54,97,101,101,138,178,210,228,242,242,298,357,399,430,460,467,474,536,563,589,594,632,635
"Luxembourg",0,0,0,0,0,0,0,0,0,0,0,0,0,0,0,0,0,0,0,0,0,0,0,0,0,0,0,0,0,0,0,0,0,0,0,0,0,0,0,0,0,0,0,0,0,0,0,0,0,0,0,0,0,0,0,0,0,0,0,0,6,6,6,6,6,40,40,40,40,80,80,80,500,500,500,500,500,500,500,500,500,500,500,500,526,552,579,601,627,637,670,711,728,3007,3088,3104,3123,3123,3134,3213,3213,3318,3379
"Madagascar",0,0,0,0,0,0,0,0,0,0,0,0,0,0,0,0,0,0,0,0,0,0,0,0,0,0,0,0,0,0,0,0,0,0,0,0,0,0,0,0,0,0,0,0,0,0,0,0,0,0,0,0,0,0,0,0,0,0,0,0,0,0,0,0,0,0,0,0,0,0,0,0,0,0,2,2,7,11,11,11,11,20,21,23,29,33,33,35,39,41,44,52,58,61,62,71,75,82,90,92,94,97,98
"Malawi",0,0,0,0,0,0,0,0,0,0,0,0,0,0,0,0,0,0,0,0,0,0,0,0,0,0,0,0,0,0,0,0,0,0,0,0,0,0,0,0,0,0,0,0,0,0,0,0,0,0,0,0,0,0,0,0,0,0,0,0,0,0,0,0,0,0,0,0,0,0,0,0,0,0,0,0,0,0,0,0,0,0,0,0,0,0,3,3,3,3,3,3,3,4,4,4,4,5,7,7,9,9,9
"Malaysia",0,0,0,0,0,0,0,0,0,0,0,0,0,0,0,0,1,1,1,1,3,3,3,3,7,7,7,13,15,15,15,15,15,18,18,18,18,18,18,18,18,22,22,22,22,23,24,24,24,26,26,26,35,42,42,49,60,75,87,114,139,139,183,199,215,259,320,388,479,537,645,767,827,915,1005,1241,1321,1487,1608,1830,1995,2108,2276,2478,2647,2766,2967,3102,3197,3295,3349,3452,3542,3663,3762,3862,3957,4032,4087,4171,4210,4326,4413
"Maldives",0,0,0,0,0,0,0,0,0,0,0,0,0,0,0,0,0,0,0,0,0,0,0,0,0,0,0,0,0,0,0,0,0,0,0,0,0,0,0,0,0,0,0,0,0,0,0,0,0,0,0,0,0,0,0,0,0,0,0,0,0,0,5,8,8,9,9,13,13,13,13,13,13,13,13,13,13,13,13,13,13,14,14,16,16,16,16,16,16,16,16,16,16,16,17,17,17,17,17,17,17,18,18
"Mali",0,0,0,0,0,0,0,0,0,0,0,0,0,0,0,0,0,0,0,0,0,0,0,0,0,0,0,0,0,0,0,0,0,0,0,0,0,0,0,0,0,0,0,0,0,0,0,0,0,0,0,0,0,0,0,0,0,0,0,0,0,0,0,0,0,0,0,0,0,0,0,0,0,1,1,9,12,16,22,22,22,22,26,34,34,34,34,41,42,56,57,73,77,87,91,112,113,122,129,135,196,206,213
"Malta",0,0,0,0,0,0,0,0,0,0,0,0,0,0,0,0,0,0,0,0,0,0,0,0,0,0,0,0,0,0,0,0,0,0,0,0,0,0,0,0,0,0,0,0,0,0,0,0,0,0,0,1,1,1,2,2,2,2,2,2,2,2,2,2,2,2,2,2,2,2,2,2,2,2,5,5,5,16,16,16,16,44,44,44,44,82,91,99,118,126,150,165,204,223,249,282,286,303,339,351,383,379,392
"Mauritania",0,0,0,0,0,0,0,0,0,0,0,0,0,0,0,0,0,0,0,0,0,0,0,0,0,0,0,0,0,0,0,0,0,0,0,0,0,0,0,0,0,0,0,0,0,0,0,0,0,0,0,0,0,0,0,0,0,0,0,0,0,0,0,0,0,0,0,2,2,2,2,2,2,2,2,2,2,2,2,2,2,2,2,2,2,2,2,2,6,6,6,6,6,6,6,6,6,6,6,6,6,6,6
"Mauritius",0,0,0,0,0,0,0,0,0,0,0,0,0,0,0,0,0,0,0,0,0,0,0,0,0,0,0,0,0,0,0,0,0,0,0,0,0,0,0,0,0,0,0,0,0,0,0,0,0,0,0,0,0,0,0,0,0,0,0,0,0,0,0,0,0,0,0,0,0,0,0,0,0,7,7,7,8,19,23,23,28,42,42,51,65,81,108,180,208,224,243,261,266,285,295,299,302,303,306,310,312,314,315
"Mexico",0,0,0,0,0,0,0,0,0,0,0,0,0,0,0,0,0,0,0,0,0,0,0,0,0,0,0,0,0,0,0,0,0,0,0,0,0,0,0,0,0,1,1,1,1,1,1,1,4,4,4,4,4,4,4,4,4,4,4,4,4,4,4,4,4,4,4,4,35,35,35,35,633,633,633,633,633,633,633,633,633,1772,1843,1964,2125,2125,2125,2125,2627,2627,2627,2627,2627,2627,7149,8354,9086,11423,11423,11423,12377,12377,13447
"Moldova",0,0,0,0,0,0,0,0,0,0,0,0,0,0,0,0,0,0,0,0,0,0,0,0,0,0,0,0,0,0,0,0,0,0,0,0,0,0,0,0,0,0,0,0,0,0,0,0,0,0,0,0,0,0,0,1,1,1,1,1,1,1,2,2,2,2,2,2,15,18,23,23,26,29,30,37,40,40,50,56,75,94,107,134,171,235,276,391,457,457,505,560,661,755,825,895,925,975,1114,1182,1272,1334,1382
"Monaco",0,0,0,0,0,0,0,0,0,0,0,0,0,0,0,0,0,0,0,0,0,0,0,0,0,0,0,0,0,0,0,0,0,0,0,0,0,0,0,0,0,0,0,0,0,0,0,0,0,0,0,0,0,0,0,0,0,0,0,0,1,1,1,1,1,1,1,1,1,2,2,2,3,3,3,4,4,4,5,5,5,6,6,6,12,12,20,22,22,23,26,26,35,41,42,42,42,50,58,64,73,78,78
"Mongolia",0,0,0,0,0,0,0,0,0,0,0,0,0,0,0,0,0,0,0,0,0,0,0,0,0,0,0,0,0,0,0,0,0,0,0,0,0,0,0,0,0,0,0,0,0,0,0,0,0,0,0,0,0,0,0,0,0,0,0,0,0,0,0,0,0,0,0,0,2,2,2,2,2,2,2,2,4,4,4,4,4,4,4,5,5,5,5,5,7,7,8,8,9,9,9,9,10,10,10,10,10,10,10
"Montenegro",0,0,0,0,0,0,0,0,0,0,0,0,0,0,0,0,0,0,0,0,0,0,0,0,0,0,0,0,0,0,0,0,0,0,0,0,0,0,0,0,0,0,0,0,0,0,0,0,0,0,0,0,0,0,0,0,0,0,0,0,0,0,0,0,0,0,0,0,0,0,0,0,1,1,1,1,4,4,4,4,5,5,5,46,55,55,55,55,55,88,101,116,123,123,153,153,189,199,203,214,233,245,249
"Morocco",0,0,0,0,0,0,0,0,0,0,0,0,0,0,0,0,0,0,0,0,0,0,0,0,0,0,0,0,0,0,0,0,0,0,0,0,0,0,0,0,0,0,0,0,0,0,0,0,0,0,0,1,1,1,1,1,1,1,1,3,3,3,6,7,8,11,11,13,15,24,29,31,57,66,76,81,93,97,109,122,146,177,203,217,229,249,281,314,327,350,393,417,456,486,537,593,695,778,928,984,1083,1256,1438
"Mozambique",0,0,0,0,0,0,0,0,0,0,0,0,0,0,0,0,0,0,0,0,0,0,0,0,0,0,0,0,0,0,0,0,0,0,0,0,0,0,0,0,0,0,0,0,0,0,0,0,0,0,0,0,0,0,0,0,0,0,0,0,0,0,0,0,0,0,0,0,0,0,0,0,0,1,1,1,1,1,1,2,2,2,2,2,2,2,2,4,8,8,8,8,9,12,12,12,12,12,12,12,12,18,19
"MS Zaandam",0,0,0,0,0,0,0,0,0,0,0,0,0,0,0,0,0,0,0,0,0,0,0,0,0,0,0,0,0,0,0,0,0,0,0,0,0,0,0,0,0,0,0,0,0,0,0,0,0,0,0,0,0,0,0,0,0,0,0,0,0,0,0,0,0,0,0,0,0,0,0,0,0,0,0,0,0,0,0,0,0,0,0,0,0,0,0,0,0,0,0,0,0,0,0,0,0,0,0,0,0,0,0
"Namibia",0,0,0,0,0,0,0,0,0,0,0,0,0,0,0,0,0,0,0,0,0,0,0,0,0,0,0,0,0,0,0,0,0,0,0,0,0,0,0,0,0,0,0,0,0,0,0,0,0,0,0,0,0,0,0,0,0,0,0,0,0,0,2,2,2,2,2,2,2,2,2,3,3,3,3,3,3,3,3,3,3,3,3,3,3,4,4,6,6,6,6,6,7,7,7,8,8,8,8,8,8,8,8
"Nepal",0,0,0,0,0,0,0,0,0,0,0,0,0,0,0,0,0,0,0,0,0,1,1,1,1,1,1,1,1,1,1,1,1,1,1,1,1,1,1,1,1,1,1,1,1,1,1,1,1,1,1,1,1,1,1,1,1,1,1,1,1,1,1,1,1,1,1,1,1,1,1,1,1,1,1,1,1,1,1,1,1,1,1,1,1,2,2,2,4,4,4,7,10,11,12,16,16,16,16,16,16,16,16
"Netherlands",0,0,0,0,0,0,0,0,0,0,0,0,0,0,0,0,0,0,0,0,0,0,0,0,0,0,0,0,0,0,0,0,0,0,0,0,0,0,0,0,0,0,0,0,0,0,0,0,0,0,0,0,2,2,2,2,2,2,2,2,2,2,3,4,6,6,6,253,253,253,260,260,260,262,257,258,272,272,278,287,291,295,295,297,304,311,315,317,322,322,74,101,101,102,102,117,117,117,119,125,138,138,138
"New Zealand",0,0,0,0,0,0,0,0,0,0,0,0,0,0,0,0,0,0,0,0,0,0,0,0,0,0,0,0,0,0,0,0,0,0,0,0,0,0,0,0,0,0,0,0,0,0,0,0,0,0,0,0,0,0,0,0,0,0,0,0,0,0,12,22,27,37,50,56,63,74,83,92,103,127,156,176,241,282,317,373,422,471,546,628,728,770,816,867,912,974,1006,1036,1095,1118,1142,1180,1214,1229,1241,1252,1263,1266,1276
"Nicaragua",0,0,0,0,0,0,0,0,0,0,0,0,0,0,0,0,0,0,0,0,0,0,0,0,0,0,0,0,0,0,0,0,0,0,0,0,0,0,0,0,0,0,0,0,0,0,0,0,0,0,0,0,0,0,0,0,0,0,0,0,0,0,0,0,0,0,0,0,0,0,0,0,0,0,0,0,0,0,0,0,0,4,4,4,4,4,4,6,6,6,7,7,7,7,7,7,7,7,7,7,7,7,7
"Niger",0,0,0,0,0,0,0,0,0,0,0,0,0,0,0,0,0,0,0,0,0,0,0,0,0,0,0,0,0,0,0,0,0,0,0,0,0,0,0,0,0,0,0,0,0,0,0,0,0,0,0,0,0,0,0,0,0,0,0,0,0,0,0,0,0,0,0,0,0,0,0,0,0,0,13,26,26,28,40,41,41,75,75,90,90,90,110,113,117,117,127,193,256,289,325,350,385,403,435,452,478,507,518
"Nigeria",0,0,0,0,0,0,0,0,0,0,0,0,0,0,0,0,0,0,0,0,0,0,0,0,0,0,0,0,0,0,0,0,0,0,0,0,0,0,0,0,0,0,0,0,0,0,0,0,0,0,0,0,0,0,0,0,1,1,1,1,2,2,2,2,2,3,3,3,8,8,9,20,25,25,33,35,44,44,51,58,70,85,91,99,128,152,159,166,170,188,188,197,197,208,222,239,255,255,307,319,351,351,400
"North Macedonia",0,0,0,0,0,0,0,0,0,0,0,0,0,0,0,0,0,0,0,0,0,0,0,0,0,0,0,0,0,0,0,0,0,0,0,0,0,0,0,0,0,0,0,0,0,0,0,0,0,0,0,1,1,1,1,1,1,1,1,1,1,1,1,1,3,3,3,3,12,12,17,17,20,20,23,30,30,35,37,41,41,41,44,86,98,121,139,164,179,200,224,272,301,337,374,500,553,589,627,738,807,852,945
"Norway",0,0,0,0,0,0,0,0,0,0,0,0,0,0,0,0,0,0,0,0,0,0,0,0,0,0,0,0,0,0,0,0,0,0,0,0,0,0,0,0,0,0,0,0,0,0,0,1,1,1,1,1,1,1,1,1,1,1,1,1,1,1,6,6,6,6,7,7,12,13,13,32,32,32,32,32,32,32,32,32,32,32,32,32,32,32,32,32,32,32,32,32,32,32,32,32,32,32,32,32,32,32,32
"Oman",0,0,0,0,0,0,0,0,0,0,0,0,0,0,0,0,0,0,0,0,0,0,0,0,0,0,0,0,0,0,0,0,0,0,0,0,0,0,1,1,1,2,2,2,2,2,2,2,9,9,9,9,9,9,9,9,12,12,12,12,17,17,17,17,23,23,23,23,29,34,34,57,57,61,61,61,67,72,109,109,109,109,124,130,131,176,176,176,233,238,238,238,307,325,329,333,364,364,364,495,495,750,750
"Pakistan",0,0,0,0,0,0,0,0,0,0,0,0,0,0,0,0,0,0,0,0,0,0,0,0,0,0,0,0,0,0,0,0,0,0,0,0,0,0,0,0,0,0,0,0,0,0,1,1,1,2,2,2,2,2,2,2,2,13,13,13,5,5,18,21,21,23,29,29,76,76,94,125,126,131,211,259,429,467,572,727,762,1028,1095,1378,1446,1645,1765,1832,1868,1970,2073,2156,2527,2755,2866,2936,3029,3233,3425,4315,4715,4817,5114
"Panama",0,0,0,0,0,0,0,0,0,0,0,0,0,0,0,0,0,0,0,0,0,0,0,0,0,0,0,0,0,0,0,0,0,0,0,0,0,0,0,0,0,0,0,0,0,0,0,0,0,0,0,0,0,0,0,0,0,0,0,0,0,0,1,1,2,2,2,4,4,9,9,9,10,13,13,13,14,16,16,16,17,23,29,61,72,75,98,122,140,165,204,231,271,319,338,338,455,455,527,576,622,641,641
"Papua New Guinea",0,0,0,0,0,0,0,0,0,0,0,0,0,0,0,0,0,0,0,0,0,0,0,0,0,0,0,0,0,0,0,0,0,0,0,0,0,0,0,0,0,0,0,0,0,0,0,0,0,0,0,0,0,0,0,0,0,0,0,0,0,0,0,0,0,0,0,0,0,0,0,0,0,0,0,0,0,0,0,0,0,0,0,0,0,0,0,0,0,0,0,0,0,0,0,0,0,0,0,0,0,0,0
"Paraguay",0,0,0,0,0,0,0,0,0,0,0,0,0,0,0,0,0,0,0,0,0,0,0,0,0,0,0,0,0,0,0,0,0,0,0,0,0,0,0,0,0,0,0,0,0,0,0,0,0,0,0,0,0,0,0,0,0,0,0,0,0,0,0,0,0,1,1,1,1,1,1,2,6,12,12,12,15,15,18,18,18,22,22,22,23,30,30,35,41,46,53,62,67,78,85,85,93,102,102,113,115,119,126
"Peru",0,0,0,0,0,0,0,0,0,0,0,0,0,0,0,0,0,0,0,0,0,0,0,0,0,0,0,0,0,0,0,0,0,0,0,0,0,0,0,0,0,0,0,0,0,0,0,0,0,0,0,0,0,0,0,1,1,1,1,1,1,1,1,1,14,16,16,16,53,394,394,537,537,914,989,997,1301,1333,1438,1569,1739,1798,2642,2869,3108,6120,6541,6684,6811,6968,6982,7027,7422,7496,7797,8088,8425,9179,10037,10405,11129,12434,13550
"Philippines",0,0,0,0,0,0,0,0,0,0,0,0,0,0,0,0,0,0,0,0,0,1,1,1,1,1,1,1,1,1,1,1,1,1,1,1,1,1,1,1,1,1,1,1,1,1,1,1,2,2,2,2,2,2,2,5,5,8,8,13,17,17,20,26,28,31,35,42,42,49,50,51,52,57,64,73,84,96,124,140,157,197,242,295,353,435,487,516,572,613,654,693,722,762,792,862,932,975,1023,1043,1084,1124,1214
"Poland",0,0,0,0,0,0,0,0,0,0,0,0,0,0,0,0,0,0,0,0,0,0,0,0,0,0,0,0,0,0,0,0,0,0,0,0,0,0,0,0,0,0,0,0,0,0,0,0,0,0,0,0,0,0,13,13,13,1,1,1,1,1,1,7,7,7,7,7,7,7,47,56,56,116,134,162,191,222,284,318,375,439,487,618,668,774,866,981,1040,1133,1297,1513,1740,1944,2126,2265,2466,2655,3025,3236,3491,3762,3945
"Portugal",0,0,0,0,0,0,0,0,0,0,0,0,0,0,0,0,0,0,0,0,0,0,0,0,0,0,0,0,0,0,0,0,0,0,0,0,0,0,0,0,0,0,0,0,0,0,0,0,0,0,0,1,2,2,3,3,3,3,5,5,5,5,22,22,43,43,43,43,43,43,43,68,68,75,75,140,184,196,205,233,266,277,277,347,383,493,519,610,610,610,917,1143,1201,1228,1277,1329,1357,1389,1470,1519,1647,1671,1689
"Qatar",0,0,0,0,0,0,0,0,0,0,0,0,0,0,0,0,0,0,0,0,0,0,0,0,0,0,0,0,0,0,0,0,0,0,0,0,0,0,0,0,0,0,0,0,0,0,0,0,0,0,0,0,4,4,4,4,4,4,10,27,33,33,41,41,43,43,45,48,51,62,71,72,93,109,123,131,150,178,206,227,247,275,334,373,406,415,464,510,518,555,614,689,750,809,929,1012,1066,1134,1243,1372,1436,1534,1664
"Romania",0,0,0,0,0,0,0,0,0,0,0,0,0,0,0,0,0,0,0,0,0,0,0,0,0,0,0,0,0,0,0,0,0,0,0,0,0,0,0,0,0,0,1,1,1,3,3,3,3,6,6,7,9,9,9,16,19,25,25,52,64,64,79,86,94,115,139,206,209,220,252,267,283,329,374,406,460,528,647,729,758,852,914,1051,1217,1357,1508,1730,1892,2017,2153,2406,2478,2817,2890,3054,3141,3404,3569,4017,4328,4547,4869
"Russia",0,0,0,0,0,0,0,0,0,0,0,0,0,0,0,0,0,0,0,0,0,2,2,2,2,2,2,2,2,2,2,2,2,2,2,2,2,2,2,2,2,2,2,2,2,2,3,3,3,3,3,3,8,8,8,8,8,9,9,12,16,16,22,29,38,45,49,64,66,121,190,235,281,333,355,406,494,580,698,795,1045,1291,1470,1694,1986,2304,2590,3057,3291,3446,3873,4420,4891,5568,6250,6767,7346,8456,10286,11619,13220,15013,16639
"Rwanda",0,0,0,0,0,0,0,0,0,0,0,0,0,0,0,0,0,0,0,0,0,0,0,0,0,0,0,0,0,0,0,0,0,0,0,0,0,0,0,0,0,0,0,0,0,0,0,0,0,0,0,0,0,0,0,0,0,0,0,0,0,0,0,0,0,0,0,0,0,0,0,0,0,0,4,4,7,7,7,7,18,25,42,49,54,60,65,69,76,76,84,84,87,87,88,92,93,95,98,104,109,120,124
"Saint Kitts and Nevis",0,0,0,0,0,0,0,0,0,0,0,0,0,0,0,0,0,0,0,0,0,0,0,0,0,0,0,0,0,0,0,0,0,0,0,0,0,0,0,0,0,0,0,0,0,0,0,0,0,0,0,0,0,0,0,0,0,0,0,0,0,0,0,0,0,0,0,0,0,0,0,0,0,0,0,0,0,0,0,0,0,0,0,0,0,0,0,0,0,0,0,1,1,2,2,2,2,4,4,6,8,8,8
"Saint Lucia",0,0,0,0,0,0,0,0,0,0,0,0,0,0,0,0,0,0,0,0,0,0,0,0,0,0,0,0,0,0,0,0,0,0,0,0,0,0,0,0,0,0,0,0,0,0,0,0,0,0,0,0,0,0,0,0,0,0,0,0,0,0,0,0,0,1,1,1,1,1,1,1,1,1,1,1,1,1,1,1,1,4,4,11,11,11,11,11,11,13,13,15,15,15,15,15,15,15,15,15,15,15,15
"Saint Vincent and the Grenadines",0,0,0,0,0,0,0,0,0,0,0,0,0,0,0,0,0,0,0,0,0,0,0,0,0,0,0,0,0,0,0,0,0,0,0,0,0,0,0,0,0,0,0,0,0,0,0,0,0,0,0,0,0,0,0,0,0,0,0,0,0,0,0,0,0,0,1,1,1,1,1,1,1,1,1,1,1,1,1,1,1,1,1,1,1,1,1,1,1,1,2,3,3,5,5,5,8,8,8,8,8,8,8
"San Marino",0,0,0,0,0,0,0,0,0,0,0,0,0,0,0,0,0,0,0,0,0,0,0,0,0,0,0,0,0,0,0,0,0,0,0,0,0,0,0,0,0,0,0,0,0,0,0,0,0,0,0,0,4,4,4,4,4,4,4,4,4,4,4,4,4,4,6,6,13,13,13,21,21,27,35,35,40,40,49,50,53,53,53,53,53,55,57,60,60,61,62,62,63,64,64,64,64,64,69,78,82,83,86
"Sao Tome and Principe",0,0,0,0,0,0,0,0,0,0,0,0,0,0,0,0,0,0,0,0,0,0,0,0,0,0,0,0,0,0,0,0,0,0,0,0,0,0,0,0,0,0,0,0,0,0,0,0,0,0,0,0,0,0,0,0,0,0,0,0,0,0,0,0,0,0,0,0,0,0,0,0,0,0,0,0,0,0,0,0,0,0,0,0,0,0,0,0,0,0,0,0,0,0,0,0,0,4,4,4,4,4,4
"Saudi Arabia",0,0,0,0,0,0,0,0,0,0,0,0,0,0,0,0,0,0,0,0,0,0,0,0,0,0,0,0,0,0,0,0,0,0,0,0,0,0,0,0,0,0,0,0,0,0,0,0,1,1,1,1,1,1,2,6,6,6,8,16,16,16,28,29,33,35,37,66,115,165,264,328,351,420,488,551,615,631,666,685,720,761,805,889,931,990,1049,1329,1398,1490,1640,1812,1925,2049,2215,2357,2531,2784,2953,3163,3555,3765,4134
"Senegal",0,0,0,0,0,0,0,0,0,0,0,0,0,0,0,0,0,0,0,0,0,0,0,0,0,0,0,0,0,0,0,0,0,0,0,0,0,0,0,0,0,0,0,0,0,0,1,1,1,1,1,1,1,1,2,2,2,2,2,5,5,5,8,9,9,11,18,27,27,40,45,55,66,72,82,92,105,113,123,137,152,171,178,183,190,194,198,211,220,235,242,253,257,262,276,283,284,296,315,334,356,368,372
"Serbia",0,0,0,0,0,0,0,0,0,0,0,0,0,0,0,0,0,0,0,0,0,0,0,0,0,0,0,0,0,0,0,0,0,0,0,0,0,0,0,0,0,0,0,0,0,0,0,0,0,0,0,0,0,0,1,1,1,1,1,1,1,1,15,15,0,0,0,0,0,0,0,0,0,0,0,0,0,0,0,0,0,0,0,0,0,0,534,637,753,870,977,1025,1067,1094,1152,1182,1209,1260,1292,1343,1343,1426,1551
"Seychelles",0,0,0,0,0,0,0,0,0,0,0,0,0,0,0,0,0,0,0,0,0,0,0,0,0,0,0,0,0,0,0,0,0,0,0,0,0,0,0,0,0,0,0,0,0,0,0,0,0,0,0,0,0,0,0,0,0,0,0,0,0,0,0,0,0,0,0,0,0,0,0,0,0,0,0,0,0,0,0,0,0,0,0,0,0,0,5,5,5,5,5,5,6,6,6,6,6,6,6,6,6,6,6
"Sierra Leone",0,0,0,0,0,0,0,0,0,0,0,0,0,0,0,0,0,0,0,0,0,0,0,0,0,0,0,0,0,0,0,0,0,0,0,0,0,0,0,0,0,0,0,0,0,0,0,0,0,0,0,0,0,0,0,0,0,0,0,0,0,0,0,0,0,0,0,0,0,0,0,0,0,0,0,0,0,0,0,0,0,0,0,0,0,0,0,0,6,6,6,6,10,10,10,10,10,12,12,21,21,21,29
"Singapore",0,0,0,0,0,0,0,0,0,0,0,0,0,0,0,0,0,2,2,2,9,15,15,17,18,18,24,29,34,34,37,37,51,51,53,62,62,62,72,72,78,78,78,78,78,78,78,78,78,96,96,97,105,105,109,114,114,114,124,140,144,144,156,160,172,183,198,212,228,240,245,266,282,297,320,344,377,406,460,492,528,560,586,611,652,683,708,740,768,801,839,896,924,956,1002,1060,1095,1128,1188,1244,1268,1347,1408
"Slovakia",0,0,0,0,0,0,0,0,0,0,0,0,0,0,0,0,0,0,0,0,0,0,0,0,0,0,0,0,0,0,0,0,0,0,0,0,0,0,0,0,0,0,0,0,0,0,0,0,0,0,0,0,0,0,0,0,0,0,0,0,7,7,7,7,2,2,2,2,7,3,3,5,10,10,10,8,13,16,23,23,23,23,107,113,151,167,175,213,229,251,258,284,288,355,386,394,403,423,484,524,558,608,619
"Slovenia",0,0,0,0,0,0,0,0,0,0,0,0,0,0,0,0,0,0,0,0,0,0,0,0,0,0,0,0,0,0,0,0,0,0,0,0,0,0,0,0,0,0,0,0,0,0,0,0,0,0,0,0,0,0,0,0,0,0,0,0,0,0,0,10,10,10,10,10,10,10,10,70,70,79,79,102,102,120,128,137,148,150,152,152,165,174,174,190,192,193,197,205,211,211,219,221,221,223,230,233,233,239,241
"Somalia",0,0,0,0,0,0,0,0,0,0,0,0,0,0,0,0,0,0,0,0,0,0,0,0,0,0,0,0,0,0,0,0,0,0,0,0,0,0,0,0,0,0,0,0,0,0,0,0,0,0,0,0,0,0,0,0,0,0,0,0,0,0,0,0,0,0,0,0,0,1,1,1,1,1,1,1,1,1,1,1,1,2,2,2,2,2,2,2,3,4,4,4,8,8,8,10,10,19,20,31,31,34,44
"South Africa",0,0,0,0,0,0,0,0,0,0,0,0,0,0,0,0,0,0,0,0,0,0,0,0,0,0,0,0,0,0,0,0,0,0,0,0,0,0,0,0,0,0,0,0,0,0,0,0,0,0,0,0,0,0,0,0,0,0,0,0,0,0,4,12,12,31,31,31,31,31,50,50,95,95,95,95,95,95,95,410,410,410,410,410,410,903,903,903,903,1055,1055,1055,1473,1473,1473,1473,1473,2073,2073,2073,2382,2549,2549
"South Sudan",0,0,0,0,0,0,0,0,0,0,0,0,0,0,0,0,0,0,0,0,0,0,0,0,0,0,0,0,0,0,0,0,0,0,0,0,0,0,0,0,0,0,0,0,0,0,0,0,0,0,0,0,0,0,0,0,0,0,0,0,0,0,0,0,0,0,0,0,0,0,0,0,0,0,0,0,0,0,0,0,0,0,0,0,0,0,0,0,0,0,0,0,0,0,0,0,0,0,0,0,0,0,0
"Spain",0,0,0,0,0,0,0,0,0,0,0,0,0,0,0,0,0,0,0,0,0,0,0,0,2,2,2,2,2,2,2,2,2,2,2,2,2,2,2,2,2,2,2,2,2,30,30,32,32,183,183,193,517,517,530,1028,1081,1107,1588,2125,2575,2575,3794,5367,7015,9357,12285,14709,16780,19259,22647,26743,30513,34219,38080,40437,43208,48021,52165,55668,59109,62391,64727,67504,70853,74797,74797,74797,77357,80587,82514,85915,89250,92355,95708,98372,100875,102548,108947,112050,112050,117248,118902
"Sri Lanka",0,0,0,0,0,0,0,0,0,0,0,0,0,0,0,0,0,1,1,1,1,1,1,1,1,1,1,1,1,1,1,1,1,1,1,1,1,1,1,1,1,1,1,1,1,1,1,1,1,1,1,1,1,1,1,1,1,3,3,1,3,3,2,3,7,7,9,11,15,17,21,21,24,27,33,38,42,44,49,54,54,56,56,61,63,68,77,86,96,98,102,105,107,109,118,120,126,134,136,154,162,172,184
"Sudan",0,0,0,0,0,0,0,0,0,0,0,0,0,0,0,0,0,0,0,0,0,0,0,0,0,0,0,0,0,0,0,0,0,0,0,0,0,0,0,0,0,0,0,0,0,0,0,0,0,0,0,0,0,0,0,0,0,0,0,0,0,0,0,0,0,0,0,0,0,1,2,2,2,2,2,2,2,2,2,2,2,2,4,4,4,4,4,6,6,8,8,12,14,14,19,20,21,31,32,39,46,52,52
"Suriname",0,0,0,0,0,0,0,0,0,0,0,0,0,0,0,0,0,0,0,0,0,0,0,0,0,0,0,0,0,0,0,0,0,0,0,0,0,0,0,0,0,0,0,0,0,0,0,0,0,0,0,0,0,0,0,0,0,0,0,0,0,0,0,0,0,0,0,0,0,0,0,0,0,0,0,0,0,3,4,4,4,4,6,6,6,6,6,6,6,6,6,6,6,7,7,7,7,7,8,8,8,8,9
"Sweden",0,0,0,0,0,0,0,0,0,0,0,0,0,0,0,0,0,0,0,0,0,0,0,0,0,0,0,0,0,0,0,0,0,0,0,0,0,0,0,0,0,0,0,0,0,0,0,1,1,1,1,1,1,1,1,1,1,16,16,16,16,16,16,16,16,16,16,16,16,16,103,103,205,205,205,205,205,205,205,381,381,381,381,381,381,550,550,550,550,550,550,550,550,1005,1005,1005,1005,1005,1005,1005,1005,1005,1005
"Switzerland",0,0,0,0,0,0,0,0,0,0,0,0,0,0,0,0,0,0,0,0,0,0,0,0,0,0,0,0,0,0,0,0,0,0,0,0,0,0,0,0,0,2,3,3,3,3,3,3,3,4,4,4,4,4,4,4,15,15,15,15,131,131,131,131,131,1530,1530,1595,1823,1823,2967,4013,4846,6415,6415,8056,8704,9800,10600,11100,12100,12700,13700,13700,15400,15900,16400,17100,17800,18600,19400,19900,20600,21000,21300,21800,22200,22600,22600,23400,23900,24200,24500
"Syria",0,0,0,0,0,0,0,0,0,0,0,0,0,0,0,0,0,0,0,0,0,0,0,0,0,0,0,0,0,0,0,0,0,0,0,0,0,0,0,0,0,0,0,0,0,0,0,0,0,0,0,0,0,0,0,0,0,0,0,0,0,0,0,0,0,0,0,0,0,0,0,0,0,2,2,2,3,4,4,4,5,5,5,5,5,5,5,5,5,5,6,6,6,6,11,14,19,21,21,21,27,27,27
"Taiwan*",0,0,0,0,0,0,0,0,0,0,0,0,0,0,0,1,1,1,1,1,1,1,1,2,2,2,2,2,2,2,2,2,2,5,5,5,5,6,9,9,12,12,12,12,12,12,13,15,17,17,20,20,20,20,20,22,22,26,26,28,28,28,29,29,29,29,30,30,39,39,39,45,50,50,50,57,57,61,67,91,99,109,109,124,124,155,166,178,189,203,217,236,253,264,275,281,290,307,311,322,324,324,332
"Tajikistan",0,0,0,0,0,0,0,0,0,0,0,0,0,0,0,0,0,0,0,0,0,0,0,0,0,0,0,0,0,0,0,0,0,0,0,0,0,0,0,0,0,0,0,0,0,0,0,0,0,0,0,0,0,0,0,0,0,0,0,0,0,0,0,0,0,0,0,0,0,0,0,0,0,0,0,0,0,0,0,0,0,0,0,0,0,0,0,0,0,0,0,0,0,0,0,0,0,0,0,0,0,0,0
"Tanzania",0,0,0,0,0,0,0,0,0,0,0,0,0,0,0,0,0,0,0,0,0,0,0,0,0,0,0,0,0,0,0,0,0,0,0,0,0,0,0,0,0,0,0,0,0,0,0,0,0,0,0,0,0,0,0,0,0,0,0,0,0,0,0,0,0,1,1,1,1,1,1,2,3,3,3,3,5,5,5,5,5,5,7,7,11,11,11,11,11,11,11,11,11,48,48,48,48,48,167,167,167,167,167
"Thailand",0,0,0,0,2,2,5,5,5,5,5,5,5,5,5,5,5,10,10,10,10,10,12,12,12,14,15,15,15,15,17,17,21,21,22,22,22,28,28,28,31,31,31,31,31,31,31,31,33,34,34,35,35,35,35,41,42,42,42,42,44,44,52,70,88,97,97,97,229,342,505,505,612,674,793,793,888,888,940,1013,1135,1218,1288,1405,1497,1593,1689,1787,1928,1999,2108,2352,2430,2547,2547,2594,2609,2652,2665,2684,2719,2732,2739
"Timor-Leste",0,0,0,0,0,0,0,0,0,0,0,0,0,0,0,0,0,0,0,0,0,0,0,0,0,0,0,0,0,0,0,0,0,0,0,0,0,0,0,0,0,0,0,0,0,0,0,0,0,0,0,0,0,0,0,0,0,0,0,0,0,0,0,0,0,0,0,0,0,0,0,0,0,0,0,0,0,0,0,1,1,1,1,1,1,1,1,1,1,1,1,1,1,2,2,2,2,6,6,16,16,16,16
"Togo",0,0,0,0,0,0,0,0,0,0,0,0,0,0,0,0,0,0,0,0,0,0,0,0,0,0,0,0,0,0,0,0,0,0,0,0,0,0,0,0,0,0,0,0,0,0,0,0,0,0,0,0,0,0,0,0,0,0,1,1,1,1,1,1,1,1,1,1,1,10,10,17,17,17,20,23,23,23,24,25,25,29,29,32,35,45,48,49,52,53,56,56,59,59,62,62,62,63,64,65,66,66,67
"Trinidad and Tobago",0,0,0,0,0,0,0,0,0,0,0,0,0,0,0,0,0,0,0,0,0,0,0,0,0,0,0,0,0,0,0,0,0,0,0,0,0,0,0,0,0,0,0,0,0,0,0,0,0,0,0,0,0,0,0,0,0,0,0,1,1,1,0,0,0,1,1,1,1,1,1,1,1,1,1,1,1,1,1,1,12,16,16,17,19,20,20,21,21,22,28,37,48,48,53,54,59,59,71,72,83,88,93
"Tunisia",0,0,0,0,0,0,0,0,0,0,0,0,0,0,0,0,0,0,0,0,0,0,0,0,0,0,0,0,0,0,0,0,0,0,0,0,0,0,0,0,0,0,0,0,0,0,0,0,0,0,0,0,0,0,0,0,0,0,0,0,1,1,1,2,2,2,2,2,3,3,5,5,5,5,5,5,25,25,25,25,43,43,43,43,43,43,43,43,43,148,148,190,190,194,207,216,279,279,294,305,316,323,328
"Turkey",0,0,0,0,0,0,0,0,0,0,0,0,0,0,0,0,0,0,0,0,0,0,0,0,0,0,0,0,0,0,0,0,0,0,0,0,0,0,0,0,0,0,0,0,0,0,0,0,0,0,0,0,0,0,0,0,0,0,0,0,0,0,0,26,26,42,70,105,162,243,333,415,484,786,1042,1326,1582,1846,2142,2423,2965,3446,3957,4799,5674,7089,8631,10453,11976,13430,14918,16477,18491,21737,25582,29140,33791,38809,44040,48886,53808,58259,63151
"Uganda",0,0,0,0,0,0,0,0,0,0,0,0,0,0,0,0,0,0,0,0,0,0,0,0,0,0,0,0,0,0,0,0,0,0,0,0,0,0,0,0,0,0,0,0,0,0,0,0,0,0,0,0,0,0,0,0,0,0,0,0,0,0,0,0,0,0,0,0,0,0,0,0,0,0,0,0,0,0,0,0,4,4,7,8,12,20,20,22,28,38,38,45,46,46,46,46,47,52,52,52,52,52,52
"Ukraine",0,0,0,0,0,0,0,0,0,0,0,0,0,0,0,0,0,0,0,0,0,0,0,0,0,0,0,0,0,0,0,0,0,0,0,0,0,0,0,0,0,0,0,0,0,0,0,0,0,0,0,0,0,0,0,0,0,0,0,1,1,1,1,1,1,5,5,6,8,10,13,19,22,25,28,28,28,35,45,61,79,89,97,119,143,186,246,275,347,359,367,424,504,782,782,840,864,992,1103,1238,1413,1498,1548
"United Arab Emirates",0,0,0,0,0,0,0,0,0,0,0,0,0,0,0,0,0,0,0,0,0,1,1,1,3,4,4,4,4,4,4,4,4,4,4,4,4,5,5,5,5,5,5,5,5,7,7,7,12,17,17,17,17,23,23,23,26,31,31,38,38,38,45,52,52,52,52,58,61,61,61,96,108,125,144,167,186,239,268,418,588,680,852,933,1034,1095,1188,1188,1286,1360,1443,1546,1637,1760,1887,1978,2090,2181,2329,2429,2543,2664,2763
"United Kingdom",0,0,0,0,0,0,0,0,0,0,0,0,0,0,0,0,0,0,0,0,0,1,1,1,1,8,8,8,8,8,8,8,8,8,8,8,8,8,8,8,8,8,8,8,8,18,18,18,19,19,19,19,19,19,21,53,67,67,67,67,67,67,140,140,150,151,151,151,171,179,179,192,208,215,229,287,325,345,359,588,622,626,304,323,368,375,394,414,436,446,638,683,712,724,774,778,807,813,857,859,892,896,901
"Uruguay",0,0,0,0,0,0,0,0,0,0,0,0,0,0,0,0,0,0,0,0,0,0,0,0,0,0,0,0,0,0,0,0,0,0,0,0,0,0,0,0,0,0,0,0,0,0,0,0,0,0,0,0,0,0,0,0,0,0,0,0,0,0,0,0,0,0,0,0,0,41,41,62,68,93,93,104,150,150,192,206,214,231,231,248,260,286,286,294,298,313,313,324,354,369,370,375,386,394,412,417,435,440,442
"US",0,0,0,0,0,0,0,0,0,0,0,0,0,0,0,0,0,0,3,3,3,3,3,3,3,3,3,3,3,3,5,5,5,5,6,6,6,7,7,7,7,7,7,7,7,7,7,7,8,8,12,12,12,12,17,17,105,121,147,176,178,178,348,361,681,869,1072,2665,5644,7024,8474,9001,9707,14652,17448,19581,21763,23559,25410,28790,31270,32988,43482,47763,52096,54703,58545,64840,70337,72329,75204,77366,80203,99079,100372,106988,111424,115936,120720,153947,164015,175382,180152
"Uzbekistan",0,0,0,0,0,0,0,0,0,0,0,0,0,0,0,0,0,0,0,0,0,0,0,0,0,0,0,0,0,0,0,0,0,0,0,0,0,0,0,0,0,0,0,0,0,0,0,0,0,0,0,0,0,0,0,0,0,0,0,0,0,0,0,0,0,5,5,7,7,7,12,25,25,25,30,30,30,30,38,42,42,66,85,99,107,129,156,194,225,261,357,450,561,621,707,789,892,992,1096,1133,1212,1271,1319
"Venezuela",0,0,0,0,0,0,0,0,0,0,0,0,0,0,0,0,0,0,0,0,0,0,0,0,0,0,0,0,0,0,0,0,0,0,0,0,0,0,0,0,0,0,0,0,0,0,0,0,0,0,0,0,0,0,0,0,0,0,0,0,15,15,15,15,15,31,39,39,39,39,41,43,52,52,52,65,65,65,84,84,93,93,110,110,111,111,111,113,117,117,117,122,126,132,132,137,142,142,142,142,148,148,158
"Vietnam",0,0,0,0,0,0,0,0,0,0,1,1,1,1,1,1,1,1,1,1,6,6,7,7,7,7,7,7,7,7,14,14,14,14,16,16,16,16,16,16,16,16,16,16,16,16,16,16,16,16,16,16,16,16,16,16,16,16,16,17,17,17,17,17,20,20,21,25,55,58,63,75,85,90,90,95,123,126,128,144,144,144,146,169,171,177,198,201,202,214,216,223,224,220,225,225,225,222,222,219,219,219,219
"West Bank and Gaza",0,0,0,0,0,0,0,0,0,0,0,0,0,0,0,0,0,0,0,0,0,0,0,0,0,0,0,0,0,0,0,0,0,0,0,0,0,0,0,0,0,0,0,0,0,0,0,0,0,0,0,0,0,0,0,0,0,0,17,17,17,17,17,17,17,17,18,18,18,18,18,18,21,21,25,24,42,44,44,45,57,58,58,62,63,63,69,69,71,71,71,71,92,92,92,83,83,71,71,76,76,76,77
"Western Sahara",0,0,0,0,0,0,0,0,0,0,0,0,0,0,0,0,0,0,0,0,0,0,0,0,0,0,0,0,0,0,0,0,0,0,0,0,0,0,0,0,0,0,0,0,0,0,0,0,0,0,0,0,0,0,0,0,0,0,0,0,0,0,0,0,0,0,0,0,0,0,0,0,0,0,0,0,0,0,0,0,0,0,0,0,0,0,0,0,0,0,0,0,5,5,5,5,5,5,5,5,5,5,5
"Yemen",0,0,0,0,0,0,0,0,0,0,0,0,0,0,0,0,0,0,0,0,0,0,0,0,0,0,0,0,0,0,0,0,0,0,0,0,0,0,0,0,0,0,0,0,0,0,0,0,0,0,0,0,0,0,0,0,0,0,0,0,0,0,0,0,0,0,0,0,0,0,0,0,0,0,0,0,0,0,0,0,0,0,0,0,0,0,0,0,0,0,0,0,0,1,1,1,1,1,1,1,1,1,1
"Zambia",0,0,0,0,0,0,0,0,0,0,0,0,0,0,0,0,0,0,0,0,0,0,0,0,0,0,0,0,0,0,0,0,0,0,0,0,0,0,0,0,0,0,0,0,0,0,0,0,0,0,0,0,0,0,0,0,0,0,0,0,0,0,0,0,0,0,0,0,0,0,0,0,2,2,3,5,7,7,24,25,28,30,30,30,30,30,30,33,33,35,35,35,37,37,37,42,42,42,54,55,74,75,78
"Zimbabwe",0,0,0,0,0,0,0,0,0,0,0,0,0,0,0,0,0,0,0,0,0,0,0,0,0,0,0,0,0,0,0,0,0,0,0,0,0,0,0,0,0,0,0,0,0,0,0,0,0,0,0,0,0,0,0,0,0,0,0,0,0,0,0,0,0,0,0,0,0,0,0,0,0,0,0,0,0,0,0,0,0,0,0,0,1,1,2,2,2,2,2,2,2,2,2,2,5,5,5,5,5,5,5
